{"Mean":{"confidence_interval":{"confidence_level":0.95,"lower_bound":-0.9665440270325437,"upper_bound":-0.9627801687651777},"point_estimate":-0.9647866388687146,"standard_error":0.0009609214778426136},"Median":{"confidence_interval":{"confidence_level":0.95,"lower_bound":-0.9681931869677858,"upper_bound":-0.9656119017509054},"point_estimate":-0.9672407134593715,"standard_error":0.0006209614881154487}}