{"Mean":{"confidence_interval":{"confidence_level":0.95,"lower_bound":142.80956005437773,"upper_bound":150.3979944367812},"point_estimate":146.4308231664892,"standard_error":1.9404559802010113},"Median":{"confidence_interval":{"confidence_level":0.95,"lower_bound":136.0781556810744,"upper_bound":141.15852565301424},"point_estimate":137.8716989780964,"standard_error":1.388698100490911},"MedianAbsDev":{"confidence_interval":{"confidence_level":0.95,"lower_bound":4.41917389556667,"upper_bound":10.668352805922128},"point_estimate":6.729664794568615,"standard_error":1.5709808288807998},"Slope":{"confidence_interval":{"confidence_level":0.95,"lower_bound":142.51238805166184,"upper_bound":151.58992988925306},"point_estimate":146.71382760554954,"standard_error":2.3121443704197056},"StdDev":{"confidence_interval":{"confidence_level":0.95,"lower_bound":14.513059686745326,"upper_bound":23.942674069686536},"point_estimate":19.471298073448445,"standard_error":2.4142102367451788}}