{"Mean":{"confidence_interval":{"confidence_level":0.95,"lower_bound":4.925381089305382,"upper_bound":5.412009851585192},"point_estimate":5.156321456912972,"standard_error":0.12408385760899567},"Median":{"confidence_interval":{"confidence_level":0.95,"lower_bound":4.432705136252899,"upper_bound":4.758570773505004},"point_estimate":4.516578492666739,"standard_error":0.0715969887720697},"MedianAbsDev":{"confidence_interval":{"confidence_level":0.95,"lower_bound":0.21957422076009475,"upper_bound":0.6869732462262074},"point_estimate":0.3697004975123485,"standard_error":0.10844423391040316},"Slope":{"confidence_interval":{"confidence_level":0.95,"lower_bound":4.610260660115244,"upper_bound":4.987218179765619},"point_estimate":4.789475167593313,"standard_error":0.09656808423602595},"StdDev":{"confidence_interval":{"confidence_level":0.95,"lower_bound":0.9396481023826094,"upper_bound":1.517060053979918},"point_estimate":1.2431748737390855,"standard_error":0.14779675641446915}}